url,userId,currencyCode,amount
http://localhost:8080/api/transact/withdraw,100,EUR,1
http://localhost:8080/api/transact/withdraw,101,EUR,1
http://localhost:8080/api/transact/withdraw,102,EUR,1
http://localhost:8080/api/transact/withdraw,103,EUR,1
http://localhost:8080/api/transact/withdraw,104,EUR,1
http://localhost:8080/api/transact/withdraw,105,EUR,1
http://localhost:8080/api/transact/withdraw,106,EUR,1
http://localhost:8080/api/transact/withdraw,107,EUR,1
http://localhost:8080/api/transact/withdraw,108,EUR,1
http://localhost:8080/api/transact/withdraw,109,EUR,1
http://localhost:8080/api/transact/withdraw,110,EUR,1
http://localhost:8080/api/transact/withdraw,111,EUR,1
http://localhost:8080/api/transact/withdraw,112,EUR,1
http://localhost:8080/api/transact/withdraw,113,EUR,1
http://localhost:8080/api/transact/withdraw,114,EUR,1
http://localhost:8080/api/transact/withdraw,115,EUR,1
http://localhost:8080/api/transact/withdraw,116,EUR,1
http://localhost:8080/api/transact/withdraw,117,EUR,1
http://localhost:8080/api/transact/withdraw,118,EUR,1
http://localhost:8080/api/transact/withdraw,119,EUR,1
http://localhost:8080/api/transact/withdraw,120,EUR,1
http://localhost:8080/api/transact/withdraw,121,EUR,1
http://localhost:8080/api/transact/withdraw,122,EUR,1
http://localhost:8080/api/transact/withdraw,123,EUR,1
http://localhost:8080/api/transact/withdraw,124,EUR,1
http://localhost:8080/api/transact/withdraw,125,EUR,1
http://localhost:8080/api/transact/withdraw,126,EUR,1
http://localhost:8080/api/transact/withdraw,127,EUR,1
http://localhost:8080/api/transact/withdraw,128,EUR,1
http://localhost:8080/api/transact/withdraw,129,EUR,1
http://localhost:8080/api/transact/withdraw,130,EUR,1
http://localhost:8080/api/transact/withdraw,131,EUR,1
http://localhost:8080/api/transact/withdraw,132,EUR,1
http://localhost:8080/api/transact/withdraw,133,EUR,1
http://localhost:8080/api/transact/withdraw,134,EUR,1
http://localhost:8080/api/transact/withdraw,135,EUR,1
http://localhost:8080/api/transact/withdraw,136,EUR,1
http://localhost:8080/api/transact/withdraw,137,EUR,1
http://localhost:8080/api/transact/withdraw,138,EUR,1
http://localhost:8080/api/transact/withdraw,139,EUR,1
http://localhost:8080/api/transact/withdraw,140,EUR,1
http://localhost:8080/api/transact/withdraw,141,EUR,1
http://localhost:8080/api/transact/withdraw,142,EUR,1
http://localhost:8080/api/transact/withdraw,143,EUR,1
http://localhost:8080/api/transact/withdraw,144,EUR,1
http://localhost:8080/api/transact/withdraw,145,EUR,1
http://localhost:8080/api/transact/withdraw,146,EUR,1
http://localhost:8080/api/transact/withdraw,147,EUR,1
http://localhost:8080/api/transact/withdraw,148,EUR,1
http://localhost:8080/api/transact/withdraw,149,EUR,1
http://localhost:8080/api/transact/withdraw,150,EUR,1
http://localhost:8080/api/transact/withdraw,151,EUR,1
http://localhost:8080/api/transact/withdraw,152,EUR,1
http://localhost:8080/api/transact/withdraw,153,EUR,1
http://localhost:8080/api/transact/withdraw,154,EUR,1
http://localhost:8080/api/transact/withdraw,155,EUR,1
http://localhost:8080/api/transact/withdraw,156,EUR,1
http://localhost:8080/api/transact/withdraw,157,EUR,1
http://localhost:8080/api/transact/withdraw,158,EUR,1
http://localhost:8080/api/transact/withdraw,159,EUR,1
http://localhost:8080/api/transact/withdraw,160,EUR,1
http://localhost:8080/api/transact/withdraw,161,EUR,1
http://localhost:8080/api/transact/withdraw,162,EUR,1
http://localhost:8080/api/transact/withdraw,163,EUR,1
http://localhost:8080/api/transact/withdraw,164,EUR,1
http://localhost:8080/api/transact/withdraw,165,EUR,1
http://localhost:8080/api/transact/withdraw,166,EUR,1
http://localhost:8080/api/transact/withdraw,167,EUR,1
http://localhost:8080/api/transact/withdraw,168,EUR,1
http://localhost:8080/api/transact/withdraw,169,EUR,1
http://localhost:8080/api/transact/withdraw,170,EUR,1
http://localhost:8080/api/transact/withdraw,171,EUR,1
http://localhost:8080/api/transact/withdraw,172,EUR,1
http://localhost:8080/api/transact/withdraw,173,EUR,1
http://localhost:8080/api/transact/withdraw,174,EUR,1
http://localhost:8080/api/transact/withdraw,175,EUR,1
http://localhost:8080/api/transact/withdraw,176,EUR,1
http://localhost:8080/api/transact/withdraw,177,EUR,1
http://localhost:8080/api/transact/withdraw,178,EUR,1
http://localhost:8080/api/transact/withdraw,179,EUR,1
http://localhost:8080/api/transact/withdraw,180,EUR,1
http://localhost:8080/api/transact/withdraw,181,EUR,1
http://localhost:8080/api/transact/withdraw,182,EUR,1
http://localhost:8080/api/transact/withdraw,183,EUR,1
http://localhost:8080/api/transact/withdraw,184,EUR,1
http://localhost:8080/api/transact/withdraw,185,EUR,1
http://localhost:8080/api/transact/withdraw,186,EUR,1
http://localhost:8080/api/transact/withdraw,187,EUR,1
http://localhost:8080/api/transact/withdraw,188,EUR,1
http://localhost:8080/api/transact/withdraw,189,EUR,1
http://localhost:8080/api/transact/withdraw,190,EUR,1
http://localhost:8080/api/transact/withdraw,191,EUR,1
http://localhost:8080/api/transact/withdraw,192,EUR,1
http://localhost:8080/api/transact/withdraw,193,EUR,1
http://localhost:8080/api/transact/withdraw,194,EUR,1
http://localhost:8080/api/transact/withdraw,195,EUR,1
http://localhost:8080/api/transact/withdraw,196,EUR,1
http://localhost:8080/api/transact/withdraw,197,EUR,1
http://localhost:8080/api/transact/withdraw,198,EUR,1
http://localhost:8080/api/transact/withdraw,199,EUR,1
http://localhost:8080/api/transact/withdraw,200,EUR,1
http://localhost:8080/api/transact/withdraw,201,EUR,1
http://localhost:8080/api/transact/withdraw,202,EUR,1
http://localhost:8080/api/transact/withdraw,203,EUR,1
http://localhost:8080/api/transact/withdraw,204,EUR,1
http://localhost:8080/api/transact/withdraw,205,EUR,1
http://localhost:8080/api/transact/withdraw,206,EUR,1
http://localhost:8080/api/transact/withdraw,207,EUR,1
http://localhost:8080/api/transact/withdraw,208,EUR,1
http://localhost:8080/api/transact/withdraw,209,EUR,1
http://localhost:8080/api/transact/withdraw,210,EUR,1
http://localhost:8080/api/transact/withdraw,211,EUR,1
http://localhost:8080/api/transact/withdraw,212,EUR,1
http://localhost:8080/api/transact/withdraw,213,EUR,1
http://localhost:8080/api/transact/withdraw,214,EUR,1
http://localhost:8080/api/transact/withdraw,215,EUR,1
http://localhost:8080/api/transact/withdraw,216,EUR,1
http://localhost:8080/api/transact/withdraw,217,EUR,1
http://localhost:8080/api/transact/withdraw,218,EUR,1
http://localhost:8080/api/transact/withdraw,219,EUR,1
http://localhost:8080/api/transact/withdraw,220,EUR,1
http://localhost:8080/api/transact/withdraw,221,EUR,1
http://localhost:8080/api/transact/withdraw,222,EUR,1
http://localhost:8080/api/transact/withdraw,223,EUR,1
http://localhost:8080/api/transact/withdraw,224,EUR,1
http://localhost:8080/api/transact/withdraw,225,EUR,1
http://localhost:8080/api/transact/withdraw,226,EUR,1
http://localhost:8080/api/transact/withdraw,227,EUR,1
http://localhost:8080/api/transact/withdraw,228,EUR,1
http://localhost:8080/api/transact/withdraw,229,EUR,1
http://localhost:8080/api/transact/withdraw,230,EUR,1
http://localhost:8080/api/transact/withdraw,231,EUR,1
http://localhost:8080/api/transact/withdraw,232,EUR,1
http://localhost:8080/api/transact/withdraw,233,EUR,1
http://localhost:8080/api/transact/withdraw,234,EUR,1
http://localhost:8080/api/transact/withdraw,235,EUR,1
http://localhost:8080/api/transact/withdraw,236,EUR,1
http://localhost:8080/api/transact/withdraw,237,EUR,1
http://localhost:8080/api/transact/withdraw,238,EUR,1
http://localhost:8080/api/transact/withdraw,239,EUR,1
http://localhost:8080/api/transact/withdraw,240,EUR,1
http://localhost:8080/api/transact/withdraw,241,EUR,1
http://localhost:8080/api/transact/withdraw,242,EUR,1
http://localhost:8080/api/transact/withdraw,243,EUR,1
http://localhost:8080/api/transact/withdraw,244,EUR,1
http://localhost:8080/api/transact/withdraw,245,EUR,1
http://localhost:8080/api/transact/withdraw,246,EUR,1
http://localhost:8080/api/transact/withdraw,247,EUR,1
http://localhost:8080/api/transact/withdraw,248,EUR,1
http://localhost:8080/api/transact/withdraw,249,EUR,1
http://localhost:8080/api/transact/withdraw,250,EUR,1
http://localhost:8080/api/transact/withdraw,251,EUR,1
http://localhost:8080/api/transact/withdraw,252,EUR,1
http://localhost:8080/api/transact/withdraw,253,EUR,1
http://localhost:8080/api/transact/withdraw,254,EUR,1
http://localhost:8080/api/transact/withdraw,255,EUR,1
http://localhost:8080/api/transact/withdraw,256,EUR,1
http://localhost:8080/api/transact/withdraw,257,EUR,1
http://localhost:8080/api/transact/withdraw,258,EUR,1
http://localhost:8080/api/transact/withdraw,259,EUR,1
http://localhost:8080/api/transact/withdraw,260,EUR,1
http://localhost:8080/api/transact/withdraw,261,EUR,1
http://localhost:8080/api/transact/withdraw,262,EUR,1
http://localhost:8080/api/transact/withdraw,263,EUR,1
http://localhost:8080/api/transact/withdraw,264,EUR,1
http://localhost:8080/api/transact/withdraw,265,EUR,1
http://localhost:8080/api/transact/withdraw,266,EUR,1
http://localhost:8080/api/transact/withdraw,267,EUR,1
http://localhost:8080/api/transact/withdraw,268,EUR,1
http://localhost:8080/api/transact/withdraw,269,EUR,1
http://localhost:8080/api/transact/withdraw,270,EUR,1
http://localhost:8080/api/transact/withdraw,271,EUR,1
http://localhost:8080/api/transact/withdraw,272,EUR,1
http://localhost:8080/api/transact/withdraw,273,EUR,1
http://localhost:8080/api/transact/withdraw,274,EUR,1
http://localhost:8080/api/transact/withdraw,275,EUR,1
http://localhost:8080/api/transact/withdraw,276,EUR,1
http://localhost:8080/api/transact/withdraw,277,EUR,1
http://localhost:8080/api/transact/withdraw,278,EUR,1
http://localhost:8080/api/transact/withdraw,279,EUR,1
http://localhost:8080/api/transact/withdraw,280,EUR,1
http://localhost:8080/api/transact/withdraw,281,EUR,1
http://localhost:8080/api/transact/withdraw,282,EUR,1
http://localhost:8080/api/transact/withdraw,283,EUR,1
http://localhost:8080/api/transact/withdraw,284,EUR,1
http://localhost:8080/api/transact/withdraw,285,EUR,1
http://localhost:8080/api/transact/withdraw,286,EUR,1
http://localhost:8080/api/transact/withdraw,287,EUR,1
http://localhost:8080/api/transact/withdraw,288,EUR,1
http://localhost:8080/api/transact/withdraw,289,EUR,1
http://localhost:8080/api/transact/withdraw,290,EUR,1
http://localhost:8080/api/transact/withdraw,291,EUR,1
http://localhost:8080/api/transact/withdraw,292,EUR,1
http://localhost:8080/api/transact/withdraw,293,EUR,1
http://localhost:8080/api/transact/withdraw,294,EUR,1
http://localhost:8080/api/transact/withdraw,295,EUR,1
http://localhost:8080/api/transact/withdraw,296,EUR,1
http://localhost:8080/api/transact/withdraw,297,EUR,1
http://localhost:8080/api/transact/withdraw,298,EUR,1
http://localhost:8080/api/transact/withdraw,299,EUR,1
http://localhost:8080/api/transact/withdraw,300,EUR,1
http://localhost:8080/api/transact/withdraw,301,EUR,1
http://localhost:8080/api/transact/withdraw,302,EUR,1
http://localhost:8080/api/transact/withdraw,303,EUR,1
http://localhost:8080/api/transact/withdraw,304,EUR,1
http://localhost:8080/api/transact/withdraw,305,EUR,1
http://localhost:8080/api/transact/withdraw,306,EUR,1
http://localhost:8080/api/transact/withdraw,307,EUR,1
http://localhost:8080/api/transact/withdraw,308,EUR,1
http://localhost:8080/api/transact/withdraw,309,EUR,1
http://localhost:8080/api/transact/withdraw,310,EUR,1
http://localhost:8080/api/transact/withdraw,311,EUR,1
http://localhost:8080/api/transact/withdraw,312,EUR,1
http://localhost:8080/api/transact/withdraw,313,EUR,1
http://localhost:8080/api/transact/withdraw,314,EUR,1
http://localhost:8080/api/transact/withdraw,315,EUR,1
http://localhost:8080/api/transact/withdraw,316,EUR,1
http://localhost:8080/api/transact/withdraw,317,EUR,1
http://localhost:8080/api/transact/withdraw,318,EUR,1
http://localhost:8080/api/transact/withdraw,319,EUR,1
http://localhost:8080/api/transact/withdraw,320,EUR,1
http://localhost:8080/api/transact/withdraw,321,EUR,1
http://localhost:8080/api/transact/withdraw,322,EUR,1
http://localhost:8080/api/transact/withdraw,323,EUR,1
http://localhost:8080/api/transact/withdraw,324,EUR,1
http://localhost:8080/api/transact/withdraw,325,EUR,1
http://localhost:8080/api/transact/withdraw,326,EUR,1
http://localhost:8080/api/transact/withdraw,327,EUR,1
http://localhost:8080/api/transact/withdraw,328,EUR,1
http://localhost:8080/api/transact/withdraw,329,EUR,1
http://localhost:8080/api/transact/withdraw,330,EUR,1
http://localhost:8080/api/transact/withdraw,331,EUR,1
http://localhost:8080/api/transact/withdraw,332,EUR,1
http://localhost:8080/api/transact/withdraw,333,EUR,1
http://localhost:8080/api/transact/withdraw,334,EUR,1
http://localhost:8080/api/transact/withdraw,335,EUR,1
http://localhost:8080/api/transact/withdraw,336,EUR,1
http://localhost:8080/api/transact/withdraw,337,EUR,1
http://localhost:8080/api/transact/withdraw,338,EUR,1
http://localhost:8080/api/transact/withdraw,339,EUR,1
http://localhost:8080/api/transact/withdraw,340,EUR,1
http://localhost:8080/api/transact/withdraw,341,EUR,1
http://localhost:8080/api/transact/withdraw,342,EUR,1
http://localhost:8080/api/transact/withdraw,343,EUR,1
http://localhost:8080/api/transact/withdraw,344,EUR,1
http://localhost:8080/api/transact/withdraw,345,EUR,1
http://localhost:8080/api/transact/withdraw,346,EUR,1
http://localhost:8080/api/transact/withdraw,347,EUR,1
http://localhost:8080/api/transact/withdraw,348,EUR,1
http://localhost:8080/api/transact/withdraw,349,EUR,1
http://localhost:8080/api/transact/withdraw,350,EUR,1
http://localhost:8080/api/transact/withdraw,351,EUR,1
http://localhost:8080/api/transact/withdraw,352,EUR,1
http://localhost:8080/api/transact/withdraw,353,EUR,1
http://localhost:8080/api/transact/withdraw,354,EUR,1
http://localhost:8080/api/transact/withdraw,355,EUR,1
http://localhost:8080/api/transact/withdraw,356,EUR,1
http://localhost:8080/api/transact/withdraw,357,EUR,1
http://localhost:8080/api/transact/withdraw,358,EUR,1
http://localhost:8080/api/transact/withdraw,359,EUR,1
http://localhost:8080/api/transact/withdraw,360,EUR,1
http://localhost:8080/api/transact/withdraw,361,EUR,1
http://localhost:8080/api/transact/withdraw,362,EUR,1
http://localhost:8080/api/transact/withdraw,363,EUR,1
http://localhost:8080/api/transact/withdraw,364,EUR,1
http://localhost:8080/api/transact/withdraw,365,EUR,1
http://localhost:8080/api/transact/withdraw,366,EUR,1
http://localhost:8080/api/transact/withdraw,367,EUR,1
http://localhost:8080/api/transact/withdraw,368,EUR,1
http://localhost:8080/api/transact/withdraw,369,EUR,1
http://localhost:8080/api/transact/withdraw,370,EUR,1
http://localhost:8080/api/transact/withdraw,371,EUR,1
http://localhost:8080/api/transact/withdraw,372,EUR,1
http://localhost:8080/api/transact/withdraw,373,EUR,1
http://localhost:8080/api/transact/withdraw,374,EUR,1
http://localhost:8080/api/transact/withdraw,375,EUR,1
http://localhost:8080/api/transact/withdraw,376,EUR,1
http://localhost:8080/api/transact/withdraw,377,EUR,1
http://localhost:8080/api/transact/withdraw,378,EUR,1
http://localhost:8080/api/transact/withdraw,379,EUR,1
http://localhost:8080/api/transact/withdraw,380,EUR,1
http://localhost:8080/api/transact/withdraw,381,EUR,1
http://localhost:8080/api/transact/withdraw,382,EUR,1
http://localhost:8080/api/transact/withdraw,383,EUR,1
http://localhost:8080/api/transact/withdraw,384,EUR,1
http://localhost:8080/api/transact/withdraw,385,EUR,1
http://localhost:8080/api/transact/withdraw,386,EUR,1
http://localhost:8080/api/transact/withdraw,387,EUR,1
http://localhost:8080/api/transact/withdraw,388,EUR,1
http://localhost:8080/api/transact/withdraw,389,EUR,1
http://localhost:8080/api/transact/withdraw,390,EUR,1
http://localhost:8080/api/transact/withdraw,391,EUR,1
http://localhost:8080/api/transact/withdraw,392,EUR,1
http://localhost:8080/api/transact/withdraw,393,EUR,1
http://localhost:8080/api/transact/withdraw,394,EUR,1
http://localhost:8080/api/transact/withdraw,395,EUR,1
http://localhost:8080/api/transact/withdraw,396,EUR,1
http://localhost:8080/api/transact/withdraw,397,EUR,1
http://localhost:8080/api/transact/withdraw,398,EUR,1
http://localhost:8080/api/transact/withdraw,399,EUR,1
http://localhost:8080/api/transact/withdraw,400,EUR,1
http://localhost:8080/api/transact/withdraw,100,BTC,1
http://localhost:8080/api/transact/withdraw,101,BTC,1
http://localhost:8080/api/transact/withdraw,102,BTC,1
http://localhost:8080/api/transact/withdraw,103,BTC,1
http://localhost:8080/api/transact/withdraw,104,BTC,1
http://localhost:8080/api/transact/withdraw,105,BTC,1
http://localhost:8080/api/transact/withdraw,106,BTC,1
http://localhost:8080/api/transact/withdraw,107,BTC,1
http://localhost:8080/api/transact/withdraw,108,BTC,1
http://localhost:8080/api/transact/withdraw,109,BTC,1
http://localhost:8080/api/transact/withdraw,110,BTC,1
http://localhost:8080/api/transact/withdraw,111,BTC,1
http://localhost:8080/api/transact/withdraw,112,BTC,1
http://localhost:8080/api/transact/withdraw,113,BTC,1
http://localhost:8080/api/transact/withdraw,114,BTC,1
http://localhost:8080/api/transact/withdraw,115,BTC,1
http://localhost:8080/api/transact/withdraw,116,BTC,1
http://localhost:8080/api/transact/withdraw,117,BTC,1
http://localhost:8080/api/transact/withdraw,118,BTC,1
http://localhost:8080/api/transact/withdraw,119,BTC,1
http://localhost:8080/api/transact/withdraw,130,BTC,1
http://localhost:8080/api/transact/withdraw,131,BTC,1
http://localhost:8080/api/transact/withdraw,132,BTC,1
http://localhost:8080/api/transact/withdraw,133,BTC,1
http://localhost:8080/api/transact/withdraw,134,BTC,1
http://localhost:8080/api/transact/withdraw,135,BTC,1
http://localhost:8080/api/transact/withdraw,136,BTC,1
http://localhost:8080/api/transact/withdraw,137,BTC,1
http://localhost:8080/api/transact/withdraw,138,BTC,1
http://localhost:8080/api/transact/withdraw,139,BTC,1
http://localhost:8080/api/transact/withdraw,140,BTC,1
http://localhost:8080/api/transact/withdraw,141,BTC,1
http://localhost:8080/api/transact/withdraw,142,BTC,1
http://localhost:8080/api/transact/withdraw,143,BTC,1
http://localhost:8080/api/transact/withdraw,144,BTC,1
http://localhost:8080/api/transact/withdraw,145,BTC,1
http://localhost:8080/api/transact/withdraw,146,BTC,1
http://localhost:8080/api/transact/withdraw,147,BTC,1
http://localhost:8080/api/transact/withdraw,148,BTC,1
http://localhost:8080/api/transact/withdraw,149,BTC,1
http://localhost:8080/api/transact/withdraw,150,BTC,1
http://localhost:8080/api/transact/withdraw,151,BTC,1
http://localhost:8080/api/transact/withdraw,152,BTC,1
http://localhost:8080/api/transact/withdraw,153,BTC,1
http://localhost:8080/api/transact/withdraw,154,BTC,1
http://localhost:8080/api/transact/withdraw,155,BTC,1
http://localhost:8080/api/transact/withdraw,156,BTC,1
http://localhost:8080/api/transact/withdraw,157,BTC,1
http://localhost:8080/api/transact/withdraw,158,BTC,1
http://localhost:8080/api/transact/withdraw,159,BTC,1
http://localhost:8080/api/transact/withdraw,160,BTC,1
http://localhost:8080/api/transact/withdraw,161,BTC,1
http://localhost:8080/api/transact/withdraw,162,BTC,1
http://localhost:8080/api/transact/withdraw,163,BTC,1
http://localhost:8080/api/transact/withdraw,164,BTC,1
http://localhost:8080/api/transact/withdraw,165,BTC,1
http://localhost:8080/api/transact/withdraw,166,BTC,1
http://localhost:8080/api/transact/withdraw,167,BTC,1
http://localhost:8080/api/transact/withdraw,168,BTC,1
http://localhost:8080/api/transact/withdraw,169,BTC,1
http://localhost:8080/api/transact/withdraw,180,BTC,1
http://localhost:8080/api/transact/withdraw,181,BTC,1
http://localhost:8080/api/transact/withdraw,182,BTC,1
http://localhost:8080/api/transact/withdraw,183,BTC,1
http://localhost:8080/api/transact/withdraw,184,BTC,1
http://localhost:8080/api/transact/withdraw,185,BTC,1
http://localhost:8080/api/transact/withdraw,186,BTC,1
http://localhost:8080/api/transact/withdraw,187,BTC,1
http://localhost:8080/api/transact/withdraw,188,BTC,1
http://localhost:8080/api/transact/withdraw,189,BTC,1
http://localhost:8080/api/transact/withdraw,190,BTC,1
http://localhost:8080/api/transact/withdraw,191,BTC,1
http://localhost:8080/api/transact/withdraw,192,BTC,1
http://localhost:8080/api/transact/withdraw,193,BTC,1
http://localhost:8080/api/transact/withdraw,194,BTC,1
http://localhost:8080/api/transact/withdraw,195,BTC,1
http://localhost:8080/api/transact/withdraw,196,BTC,1
http://localhost:8080/api/transact/withdraw,197,BTC,1
http://localhost:8080/api/transact/withdraw,198,BTC,1
http://localhost:8080/api/transact/withdraw,199,BTC,1
http://localhost:8080/api/transact/withdraw,200,BTC,1
http://localhost:8080/api/transact/withdraw,201,BTC,1
http://localhost:8080/api/transact/withdraw,202,BTC,1
http://localhost:8080/api/transact/withdraw,203,BTC,1
http://localhost:8080/api/transact/withdraw,204,BTC,1
http://localhost:8080/api/transact/withdraw,205,BTC,1
http://localhost:8080/api/transact/withdraw,206,BTC,1
http://localhost:8080/api/transact/withdraw,207,BTC,1
http://localhost:8080/api/transact/withdraw,208,BTC,1
http://localhost:8080/api/transact/withdraw,209,BTC,1
http://localhost:8080/api/transact/withdraw,210,BTC,1
http://localhost:8080/api/transact/withdraw,211,BTC,1
http://localhost:8080/api/transact/withdraw,212,BTC,1
http://localhost:8080/api/transact/withdraw,213,BTC,1
http://localhost:8080/api/transact/withdraw,214,BTC,1
http://localhost:8080/api/transact/withdraw,215,BTC,1
http://localhost:8080/api/transact/withdraw,216,BTC,1
http://localhost:8080/api/transact/withdraw,217,BTC,1
http://localhost:8080/api/transact/withdraw,218,BTC,1
http://localhost:8080/api/transact/withdraw,219,BTC,1
http://localhost:8080/api/transact/withdraw,220,BTC,1
http://localhost:8080/api/transact/withdraw,221,BTC,1
http://localhost:8080/api/transact/withdraw,222,BTC,1
http://localhost:8080/api/transact/withdraw,223,BTC,1
http://localhost:8080/api/transact/withdraw,224,BTC,1
http://localhost:8080/api/transact/withdraw,225,BTC,1
http://localhost:8080/api/transact/withdraw,226,BTC,1
http://localhost:8080/api/transact/withdraw,227,BTC,1
http://localhost:8080/api/transact/withdraw,228,BTC,1
http://localhost:8080/api/transact/withdraw,229,BTC,1
http://localhost:8080/api/transact/withdraw,230,BTC,1
http://localhost:8080/api/transact/withdraw,231,BTC,1
http://localhost:8080/api/transact/withdraw,232,BTC,1
http://localhost:8080/api/transact/withdraw,233,BTC,1
http://localhost:8080/api/transact/withdraw,234,BTC,1
http://localhost:8080/api/transact/withdraw,235,BTC,1
http://localhost:8080/api/transact/withdraw,236,BTC,1
http://localhost:8080/api/transact/withdraw,237,BTC,1
http://localhost:8080/api/transact/withdraw,238,BTC,1
http://localhost:8080/api/transact/withdraw,239,BTC,1
http://localhost:8080/api/transact/withdraw,240,BTC,1
http://localhost:8080/api/transact/withdraw,241,BTC,1
http://localhost:8080/api/transact/withdraw,242,BTC,1
http://localhost:8080/api/transact/withdraw,243,BTC,1
http://localhost:8080/api/transact/withdraw,244,BTC,1
http://localhost:8080/api/transact/withdraw,245,BTC,1
http://localhost:8080/api/transact/withdraw,246,BTC,1
http://localhost:8080/api/transact/withdraw,247,BTC,1
http://localhost:8080/api/transact/withdraw,248,BTC,1
http://localhost:8080/api/transact/withdraw,249,BTC,1
http://localhost:8080/api/transact/withdraw,250,BTC,1
http://localhost:8080/api/transact/withdraw,251,BTC,1
http://localhost:8080/api/transact/withdraw,252,BTC,1
http://localhost:8080/api/transact/withdraw,253,BTC,1
http://localhost:8080/api/transact/withdraw,254,BTC,1
http://localhost:8080/api/transact/withdraw,255,BTC,1
http://localhost:8080/api/transact/withdraw,256,BTC,1
http://localhost:8080/api/transact/withdraw,257,BTC,1
http://localhost:8080/api/transact/withdraw,258,BTC,1
http://localhost:8080/api/transact/withdraw,259,BTC,1
http://localhost:8080/api/transact/withdraw,260,BTC,1
http://localhost:8080/api/transact/withdraw,261,BTC,1
http://localhost:8080/api/transact/withdraw,262,BTC,1
http://localhost:8080/api/transact/withdraw,263,BTC,1
http://localhost:8080/api/transact/withdraw,264,BTC,1
http://localhost:8080/api/transact/withdraw,265,BTC,1
http://localhost:8080/api/transact/withdraw,266,BTC,1
http://localhost:8080/api/transact/withdraw,267,BTC,1
http://localhost:8080/api/transact/withdraw,268,BTC,1
http://localhost:8080/api/transact/withdraw,269,BTC,1
http://localhost:8080/api/transact/withdraw,270,BTC,1
http://localhost:8080/api/transact/withdraw,271,BTC,1
http://localhost:8080/api/transact/withdraw,272,BTC,1
http://localhost:8080/api/transact/withdraw,273,BTC,1
http://localhost:8080/api/transact/withdraw,274,BTC,1
http://localhost:8080/api/transact/withdraw,275,BTC,1
http://localhost:8080/api/transact/withdraw,276,BTC,1
http://localhost:8080/api/transact/withdraw,277,BTC,1
http://localhost:8080/api/transact/withdraw,278,BTC,1
http://localhost:8080/api/transact/withdraw,279,BTC,1
http://localhost:8080/api/transact/withdraw,280,BTC,1
http://localhost:8080/api/transact/withdraw,281,BTC,1
http://localhost:8080/api/transact/withdraw,282,BTC,1
http://localhost:8080/api/transact/withdraw,283,BTC,1
http://localhost:8080/api/transact/withdraw,284,BTC,1
http://localhost:8080/api/transact/withdraw,285,BTC,1
http://localhost:8080/api/transact/withdraw,286,BTC,1
http://localhost:8080/api/transact/withdraw,287,BTC,1
http://localhost:8080/api/transact/withdraw,288,BTC,1
http://localhost:8080/api/transact/withdraw,289,BTC,1
http://localhost:8080/api/transact/withdraw,290,BTC,1
http://localhost:8080/api/transact/withdraw,291,BTC,1
http://localhost:8080/api/transact/withdraw,292,BTC,1
http://localhost:8080/api/transact/withdraw,293,BTC,1
http://localhost:8080/api/transact/withdraw,294,BTC,1
http://localhost:8080/api/transact/withdraw,295,BTC,1
http://localhost:8080/api/transact/withdraw,296,BTC,1
http://localhost:8080/api/transact/withdraw,297,BTC,1
http://localhost:8080/api/transact/withdraw,298,BTC,1
http://localhost:8080/api/transact/withdraw,299,BTC,1
http://localhost:8080/api/transact/withdraw,300,BTC,1
http://localhost:8080/api/transact/withdraw,301,BTC,1
http://localhost:8080/api/transact/withdraw,302,BTC,1
http://localhost:8080/api/transact/withdraw,303,BTC,1
http://localhost:8080/api/transact/withdraw,304,BTC,1
http://localhost:8080/api/transact/withdraw,305,BTC,1
http://localhost:8080/api/transact/withdraw,306,BTC,1
http://localhost:8080/api/transact/withdraw,307,BTC,1
http://localhost:8080/api/transact/withdraw,308,BTC,1
http://localhost:8080/api/transact/withdraw,309,BTC,1
http://localhost:8080/api/transact/withdraw,310,BTC,1
http://localhost:8080/api/transact/withdraw,311,BTC,1
http://localhost:8080/api/transact/withdraw,312,BTC,1
http://localhost:8080/api/transact/withdraw,313,BTC,1
http://localhost:8080/api/transact/withdraw,314,BTC,1
http://localhost:8080/api/transact/withdraw,315,BTC,1
http://localhost:8080/api/transact/withdraw,316,BTC,1
http://localhost:8080/api/transact/withdraw,317,BTC,1
http://localhost:8080/api/transact/withdraw,318,BTC,1
http://localhost:8080/api/transact/withdraw,319,BTC,1
http://localhost:8080/api/transact/withdraw,320,BTC,1
http://localhost:8080/api/transact/withdraw,321,BTC,1
http://localhost:8080/api/transact/withdraw,322,BTC,1
http://localhost:8080/api/transact/withdraw,323,BTC,1
http://localhost:8080/api/transact/withdraw,324,BTC,1
http://localhost:8080/api/transact/withdraw,325,BTC,1
http://localhost:8080/api/transact/withdraw,326,BTC,1
http://localhost:8080/api/transact/withdraw,327,BTC,1
http://localhost:8080/api/transact/withdraw,328,BTC,1
http://localhost:8080/api/transact/withdraw,329,BTC,1
http://localhost:8080/api/transact/withdraw,330,BTC,1
http://localhost:8080/api/transact/withdraw,331,BTC,1
http://localhost:8080/api/transact/withdraw,332,BTC,1
http://localhost:8080/api/transact/withdraw,333,BTC,1
http://localhost:8080/api/transact/withdraw,334,BTC,1
http://localhost:8080/api/transact/withdraw,335,BTC,1
http://localhost:8080/api/transact/withdraw,336,BTC,1
http://localhost:8080/api/transact/withdraw,337,BTC,1
http://localhost:8080/api/transact/withdraw,338,BTC,1
http://localhost:8080/api/transact/withdraw,339,BTC,1
http://localhost:8080/api/transact/withdraw,340,BTC,1
http://localhost:8080/api/transact/withdraw,341,BTC,1
http://localhost:8080/api/transact/withdraw,342,BTC,1
http://localhost:8080/api/transact/withdraw,343,BTC,1
http://localhost:8080/api/transact/withdraw,344,BTC,1
http://localhost:8080/api/transact/withdraw,345,BTC,1
http://localhost:8080/api/transact/withdraw,346,BTC,1
http://localhost:8080/api/transact/withdraw,347,BTC,1
http://localhost:8080/api/transact/withdraw,348,BTC,1
http://localhost:8080/api/transact/withdraw,349,BTC,1
http://localhost:8080/api/transact/withdraw,350,BTC,1
http://localhost:8080/api/transact/withdraw,351,BTC,1
http://localhost:8080/api/transact/withdraw,352,BTC,1
http://localhost:8080/api/transact/withdraw,353,BTC,1
http://localhost:8080/api/transact/withdraw,354,BTC,1
http://localhost:8080/api/transact/withdraw,355,BTC,1
http://localhost:8080/api/transact/withdraw,356,BTC,1
http://localhost:8080/api/transact/withdraw,357,BTC,1
http://localhost:8080/api/transact/withdraw,358,BTC,1
http://localhost:8080/api/transact/withdraw,359,BTC,1
http://localhost:8080/api/transact/withdraw,360,BTC,1
http://localhost:8080/api/transact/withdraw,361,BTC,1
http://localhost:8080/api/transact/withdraw,362,BTC,1
http://localhost:8080/api/transact/withdraw,363,BTC,1
http://localhost:8080/api/transact/withdraw,364,BTC,1
http://localhost:8080/api/transact/withdraw,365,BTC,1
http://localhost:8080/api/transact/withdraw,366,BTC,1
http://localhost:8080/api/transact/withdraw,367,BTC,1
http://localhost:8080/api/transact/withdraw,368,BTC,1
http://localhost:8080/api/transact/withdraw,369,BTC,1
http://localhost:8080/api/transact/withdraw,370,BTC,1
http://localhost:8080/api/transact/withdraw,371,BTC,1
http://localhost:8080/api/transact/withdraw,372,BTC,1
http://localhost:8080/api/transact/withdraw,373,BTC,1
http://localhost:8080/api/transact/withdraw,374,BTC,1
http://localhost:8080/api/transact/withdraw,375,BTC,1
http://localhost:8080/api/transact/withdraw,376,BTC,1
http://localhost:8080/api/transact/withdraw,377,BTC,1
http://localhost:8080/api/transact/withdraw,378,BTC,1
http://localhost:8080/api/transact/withdraw,379,BTC,1
http://localhost:8080/api/transact/withdraw,380,BTC,1
http://localhost:8080/api/transact/withdraw,381,BTC,1
http://localhost:8080/api/transact/withdraw,382,BTC,1
http://localhost:8080/api/transact/withdraw,383,BTC,1
http://localhost:8080/api/transact/withdraw,384,BTC,1
http://localhost:8080/api/transact/withdraw,385,BTC,1
http://localhost:8080/api/transact/withdraw,386,BTC,1
http://localhost:8080/api/transact/withdraw,387,BTC,1
http://localhost:8080/api/transact/withdraw,388,BTC,1
http://localhost:8080/api/transact/withdraw,389,BTC,1
http://localhost:8080/api/transact/withdraw,390,BTC,1
http://localhost:8080/api/transact/withdraw,391,BTC,1
http://localhost:8080/api/transact/withdraw,392,BTC,1
http://localhost:8080/api/transact/withdraw,393,BTC,1
http://localhost:8080/api/transact/withdraw,394,BTC,1
http://localhost:8080/api/transact/withdraw,395,BTC,1
http://localhost:8080/api/transact/withdraw,396,BTC,1
http://localhost:8080/api/transact/withdraw,397,BTC,1
http://localhost:8080/api/transact/withdraw,398,BTC,1
http://localhost:8080/api/transact/withdraw,399,BTC,1
http://localhost:8080/api/transact/withdraw,400,BTC,1
http://localhost:8080/api/transact/withdraw,401,BTC,1
http://localhost:8080/api/transact/withdraw,402,BTC,1
http://localhost:8080/api/transact/withdraw,403,BTC,1
http://localhost:8080/api/transact/withdraw,404,BTC,1
http://localhost:8080/api/transact/withdraw,405,BTC,1
http://localhost:8080/api/transact/withdraw,406,BTC,1
http://localhost:8080/api/transact/withdraw,407,BTC,1
http://localhost:8080/api/transact/withdraw,408,BTC,1
http://localhost:8080/api/transact/withdraw,409,BTC,1
http://localhost:8080/api/transact/withdraw,410,BTC,1
http://localhost:8080/api/transact/withdraw,411,BTC,1
http://localhost:8080/api/transact/withdraw,412,BTC,1
http://localhost:8080/api/transact/withdraw,413,BTC,1
http://localhost:8080/api/transact/withdraw,414,BTC,1
http://localhost:8080/api/transact/withdraw,415,BTC,1
http://localhost:8080/api/transact/withdraw,416,BTC,1
http://localhost:8080/api/transact/withdraw,417,BTC,1
http://localhost:8080/api/transact/withdraw,418,BTC,1
http://localhost:8080/api/transact/withdraw,419,BTC,1
http://localhost:8080/api/transact/withdraw,420,BTC,1
http://localhost:8080/api/transact/withdraw,421,BTC,1
http://localhost:8080/api/transact/withdraw,422,BTC,1
http://localhost:8080/api/transact/withdraw,423,BTC,1
http://localhost:8080/api/transact/withdraw,424,BTC,1
http://localhost:8080/api/transact/withdraw,425,BTC,1
http://localhost:8080/api/transact/withdraw,426,BTC,1
http://localhost:8080/api/transact/withdraw,427,BTC,1
http://localhost:8080/api/transact/withdraw,428,BTC,1
http://localhost:8080/api/transact/withdraw,429,BTC,1
http://localhost:8080/api/transact/withdraw,430,BTC,1
http://localhost:8080/api/transact/withdraw,431,BTC,1
http://localhost:8080/api/transact/withdraw,432,BTC,1
http://localhost:8080/api/transact/withdraw,433,BTC,1
http://localhost:8080/api/transact/withdraw,434,BTC,1
http://localhost:8080/api/transact/withdraw,435,BTC,1
http://localhost:8080/api/transact/withdraw,436,BTC,1
http://localhost:8080/api/transact/withdraw,437,BTC,1
http://localhost:8080/api/transact/withdraw,438,BTC,1
http://localhost:8080/api/transact/withdraw,439,BTC,1
http://localhost:8080/api/transact/withdraw,440,BTC,1
http://localhost:8080/api/transact/withdraw,441,BTC,1
http://localhost:8080/api/transact/withdraw,442,BTC,1
http://localhost:8080/api/transact/withdraw,443,BTC,1
http://localhost:8080/api/transact/withdraw,444,BTC,1
http://localhost:8080/api/transact/withdraw,445,BTC,1
http://localhost:8080/api/transact/withdraw,446,BTC,1
http://localhost:8080/api/transact/withdraw,447,BTC,1
http://localhost:8080/api/transact/withdraw,448,BTC,1
http://localhost:8080/api/transact/withdraw,449,BTC,1
http://localhost:8080/api/transact/withdraw,450,BTC,1
http://localhost:8080/api/transact/withdraw,451,BTC,1
http://localhost:8080/api/transact/withdraw,452,BTC,1
http://localhost:8080/api/transact/withdraw,453,BTC,1
http://localhost:8080/api/transact/withdraw,454,BTC,1
http://localhost:8080/api/transact/withdraw,455,BTC,1
http://localhost:8080/api/transact/withdraw,456,BTC,1
http://localhost:8080/api/transact/withdraw,457,BTC,1
http://localhost:8080/api/transact/withdraw,458,BTC,1
http://localhost:8080/api/transact/withdraw,459,BTC,1
http://localhost:8080/api/transact/withdraw,460,BTC,1
http://localhost:8080/api/transact/withdraw,461,BTC,1
http://localhost:8080/api/transact/withdraw,462,BTC,1
http://localhost:8080/api/transact/withdraw,463,BTC,1
http://localhost:8080/api/transact/withdraw,464,BTC,1
http://localhost:8080/api/transact/withdraw,465,BTC,1
http://localhost:8080/api/transact/withdraw,466,BTC,1
http://localhost:8080/api/transact/withdraw,467,BTC,1
http://localhost:8080/api/transact/withdraw,468,BTC,1
http://localhost:8080/api/transact/withdraw,469,BTC,1
http://localhost:8080/api/transact/withdraw,470,BTC,1
http://localhost:8080/api/transact/withdraw,471,BTC,1
http://localhost:8080/api/transact/withdraw,472,BTC,1
http://localhost:8080/api/transact/withdraw,473,BTC,1
http://localhost:8080/api/transact/withdraw,474,BTC,1
http://localhost:8080/api/transact/withdraw,475,BTC,1
http://localhost:8080/api/transact/withdraw,476,BTC,1
http://localhost:8080/api/transact/withdraw,477,BTC,1
http://localhost:8080/api/transact/withdraw,478,BTC,1
http://localhost:8080/api/transact/withdraw,479,BTC,1
http://localhost:8080/api/transact/withdraw,480,BTC,1
http://localhost:8080/api/transact/withdraw,481,BTC,1
http://localhost:8080/api/transact/withdraw,482,BTC,1
http://localhost:8080/api/transact/withdraw,483,BTC,1
http://localhost:8080/api/transact/withdraw,484,BTC,1
http://localhost:8080/api/transact/withdraw,485,BTC,1
http://localhost:8080/api/transact/withdraw,486,BTC,1
http://localhost:8080/api/transact/withdraw,487,BTC,1
http://localhost:8080/api/transact/withdraw,488,BTC,1
http://localhost:8080/api/transact/withdraw,489,BTC,1
http://localhost:8080/api/transact/withdraw,490,BTC,1
http://localhost:8080/api/transact/withdraw,491,BTC,1
http://localhost:8080/api/transact/withdraw,492,BTC,1
http://localhost:8080/api/transact/withdraw,493,BTC,1
http://localhost:8080/api/transact/withdraw,494,BTC,1
http://localhost:8080/api/transact/withdraw,495,BTC,1
http://localhost:8080/api/transact/withdraw,496,BTC,1
http://localhost:8080/api/transact/withdraw,497,BTC,1
http://localhost:8080/api/transact/withdraw,498,BTC,1
http://localhost:8080/api/transact/withdraw,499,BTC,1
http://localhost:8080/api/transact/withdraw,500,BTC,1
http://localhost:8080/api/transact/withdraw,501,BTC,1
http://localhost:8080/api/transact/withdraw,502,BTC,1
http://localhost:8080/api/transact/withdraw,503,BTC,1
http://localhost:8080/api/transact/withdraw,504,BTC,1
http://localhost:8080/api/transact/withdraw,505,BTC,1
http://localhost:8080/api/transact/withdraw,506,BTC,1
http://localhost:8080/api/transact/withdraw,507,BTC,1
http://localhost:8080/api/transact/withdraw,508,BTC,1
http://localhost:8080/api/transact/withdraw,509,BTC,1
http://localhost:8080/api/transact/withdraw,510,BTC,1
http://localhost:8080/api/transact/withdraw,511,BTC,1
http://localhost:8080/api/transact/withdraw,512,BTC,1
http://localhost:8080/api/transact/withdraw,513,BTC,1
http://localhost:8080/api/transact/withdraw,514,BTC,1
http://localhost:8080/api/transact/withdraw,515,BTC,1
http://localhost:8080/api/transact/withdraw,516,BTC,1
http://localhost:8080/api/transact/withdraw,517,BTC,1
http://localhost:8080/api/transact/withdraw,518,BTC,1
http://localhost:8080/api/transact/withdraw,519,BTC,1
http://localhost:8080/api/transact/withdraw,520,BTC,1
http://localhost:8080/api/transact/withdraw,521,BTC,1
http://localhost:8080/api/transact/withdraw,522,BTC,1
http://localhost:8080/api/transact/withdraw,523,BTC,1
http://localhost:8080/api/transact/withdraw,524,BTC,1
http://localhost:8080/api/transact/withdraw,525,BTC,1
http://localhost:8080/api/transact/withdraw,526,BTC,1
http://localhost:8080/api/transact/withdraw,527,BTC,1
http://localhost:8080/api/transact/withdraw,528,BTC,1
http://localhost:8080/api/transact/withdraw,529,BTC,1
http://localhost:8080/api/transact/withdraw,530,BTC,1
http://localhost:8080/api/transact/withdraw,531,BTC,1
http://localhost:8080/api/transact/withdraw,532,BTC,1
http://localhost:8080/api/transact/withdraw,533,BTC,1
http://localhost:8080/api/transact/withdraw,534,BTC,1
http://localhost:8080/api/transact/withdraw,535,BTC,1
http://localhost:8080/api/transact/withdraw,536,BTC,1
http://localhost:8080/api/transact/withdraw,537,BTC,1
http://localhost:8080/api/transact/withdraw,538,BTC,1
http://localhost:8080/api/transact/withdraw,539,BTC,1
http://localhost:8080/api/transact/withdraw,540,BTC,1
http://localhost:8080/api/transact/withdraw,541,BTC,1
http://localhost:8080/api/transact/withdraw,542,BTC,1
http://localhost:8080/api/transact/withdraw,543,BTC,1
http://localhost:8080/api/transact/withdraw,544,BTC,1
http://localhost:8080/api/transact/withdraw,545,BTC,1
http://localhost:8080/api/transact/withdraw,546,BTC,1
http://localhost:8080/api/transact/withdraw,547,BTC,1
http://localhost:8080/api/transact/withdraw,548,BTC,1
http://localhost:8080/api/transact/withdraw,549,BTC,1
http://localhost:8080/api/transact/withdraw,550,BTC,1
http://localhost:8080/api/transact/withdraw,551,BTC,1
http://localhost:8080/api/transact/withdraw,552,BTC,1
http://localhost:8080/api/transact/withdraw,553,BTC,1
http://localhost:8080/api/transact/withdraw,554,BTC,1
http://localhost:8080/api/transact/withdraw,555,BTC,1
http://localhost:8080/api/transact/withdraw,556,BTC,1
http://localhost:8080/api/transact/withdraw,557,BTC,1
http://localhost:8080/api/transact/withdraw,558,BTC,1
http://localhost:8080/api/transact/withdraw,559,BTC,1
http://localhost:8080/api/transact/withdraw,560,BTC,1
http://localhost:8080/api/transact/withdraw,561,BTC,1
http://localhost:8080/api/transact/withdraw,562,BTC,1
http://localhost:8080/api/transact/withdraw,563,BTC,1
http://localhost:8080/api/transact/withdraw,564,BTC,1
http://localhost:8080/api/transact/withdraw,565,BTC,1
http://localhost:8080/api/transact/withdraw,566,BTC,1
http://localhost:8080/api/transact/withdraw,567,BTC,1
http://localhost:8080/api/transact/withdraw,568,BTC,1
http://localhost:8080/api/transact/withdraw,569,BTC,1
http://localhost:8080/api/transact/withdraw,570,BTC,1
http://localhost:8080/api/transact/withdraw,571,BTC,1
http://localhost:8080/api/transact/withdraw,572,BTC,1
http://localhost:8080/api/transact/withdraw,573,BTC,1
http://localhost:8080/api/transact/withdraw,574,BTC,1
http://localhost:8080/api/transact/withdraw,575,BTC,1
http://localhost:8080/api/transact/withdraw,576,BTC,1
http://localhost:8080/api/transact/withdraw,577,BTC,1
http://localhost:8080/api/transact/withdraw,578,BTC,1
http://localhost:8080/api/transact/withdraw,579,BTC,1
http://localhost:8080/api/transact/withdraw,580,BTC,1
http://localhost:8080/api/transact/withdraw,581,BTC,1
http://localhost:8080/api/transact/withdraw,582,BTC,1
http://localhost:8080/api/transact/withdraw,583,BTC,1
http://localhost:8080/api/transact/withdraw,584,BTC,1
http://localhost:8080/api/transact/withdraw,585,BTC,1
http://localhost:8080/api/transact/withdraw,586,BTC,1
http://localhost:8080/api/transact/withdraw,587,BTC,1
http://localhost:8080/api/transact/withdraw,588,BTC,1
http://localhost:8080/api/transact/withdraw,589,BTC,1
http://localhost:8080/api/transact/withdraw,590,BTC,1
http://localhost:8080/api/transact/withdraw,591,BTC,1
http://localhost:8080/api/transact/withdraw,592,BTC,1
http://localhost:8080/api/transact/withdraw,593,BTC,1
http://localhost:8080/api/transact/withdraw,594,BTC,1
http://localhost:8080/api/transact/withdraw,595,BTC,1
http://localhost:8080/api/transact/withdraw,596,BTC,1
http://localhost:8080/api/transact/withdraw,597,BTC,1
http://localhost:8080/api/transact/withdraw,598,BTC,1
http://localhost:8080/api/transact/withdraw,599,BTC,1
http://localhost:8080/api/transact/withdraw,600,BTC,1
http://localhost:8080/api/transact/withdraw,601,BTC,1
http://localhost:8080/api/transact/withdraw,602,BTC,1
http://localhost:8080/api/transact/withdraw,603,BTC,1
http://localhost:8080/api/transact/withdraw,604,BTC,1
http://localhost:8080/api/transact/withdraw,605,BTC,1
http://localhost:8080/api/transact/withdraw,606,BTC,1
http://localhost:8080/api/transact/withdraw,607,BTC,1
http://localhost:8080/api/transact/withdraw,608,BTC,1
http://localhost:8080/api/transact/withdraw,609,BTC,1
http://localhost:8080/api/transact/withdraw,610,BTC,1
http://localhost:8080/api/transact/withdraw,611,BTC,1
http://localhost:8080/api/transact/withdraw,612,BTC,1
http://localhost:8080/api/transact/withdraw,613,BTC,1
http://localhost:8080/api/transact/withdraw,614,BTC,1
http://localhost:8080/api/transact/withdraw,615,BTC,1
http://localhost:8080/api/transact/withdraw,616,BTC,1
http://localhost:8080/api/transact/withdraw,617,BTC,1
http://localhost:8080/api/transact/withdraw,618,BTC,1
http://localhost:8080/api/transact/withdraw,619,BTC,1
http://localhost:8080/api/transact/withdraw,620,BTC,1
http://localhost:8080/api/transact/withdraw,621,BTC,1
http://localhost:8080/api/transact/withdraw,622,BTC,1
http://localhost:8080/api/transact/withdraw,623,BTC,1
http://localhost:8080/api/transact/withdraw,624,BTC,1
http://localhost:8080/api/transact/withdraw,625,BTC,1
http://localhost:8080/api/transact/withdraw,626,BTC,1
http://localhost:8080/api/transact/withdraw,627,BTC,1
http://localhost:8080/api/transact/withdraw,628,BTC,1
http://localhost:8080/api/transact/withdraw,629,BTC,1
http://localhost:8080/api/transact/withdraw,630,BTC,1
http://localhost:8080/api/transact/withdraw,631,BTC,1
http://localhost:8080/api/transact/withdraw,632,BTC,1
http://localhost:8080/api/transact/withdraw,633,BTC,1
http://localhost:8080/api/transact/withdraw,634,BTC,1
http://localhost:8080/api/transact/withdraw,635,BTC,1
http://localhost:8080/api/transact/withdraw,636,BTC,1
http://localhost:8080/api/transact/withdraw,637,BTC,1
http://localhost:8080/api/transact/withdraw,638,BTC,1
http://localhost:8080/api/transact/withdraw,639,BTC,1
http://localhost:8080/api/transact/withdraw,640,BTC,1
http://localhost:8080/api/transact/withdraw,641,BTC,1
http://localhost:8080/api/transact/withdraw,642,BTC,1
http://localhost:8080/api/transact/withdraw,643,BTC,1
http://localhost:8080/api/transact/withdraw,644,BTC,1
http://localhost:8080/api/transact/withdraw,645,BTC,1
http://localhost:8080/api/transact/withdraw,646,BTC,1
http://localhost:8080/api/transact/withdraw,647,BTC,1
http://localhost:8080/api/transact/withdraw,648,BTC,1
http://localhost:8080/api/transact/withdraw,649,BTC,1
http://localhost:8080/api/transact/withdraw,650,BTC,1
http://localhost:8080/api/transact/withdraw,651,BTC,1
http://localhost:8080/api/transact/withdraw,652,BTC,1
http://localhost:8080/api/transact/withdraw,653,BTC,1
http://localhost:8080/api/transact/withdraw,654,BTC,1
http://localhost:8080/api/transact/withdraw,655,BTC,1
http://localhost:8080/api/transact/withdraw,656,BTC,1
http://localhost:8080/api/transact/withdraw,657,BTC,1
http://localhost:8080/api/transact/withdraw,658,BTC,1
http://localhost:8080/api/transact/withdraw,659,BTC,1
http://localhost:8080/api/transact/withdraw,660,BTC,1
http://localhost:8080/api/transact/withdraw,661,BTC,1
http://localhost:8080/api/transact/withdraw,662,BTC,1
http://localhost:8080/api/transact/withdraw,663,BTC,1
http://localhost:8080/api/transact/withdraw,664,BTC,1
http://localhost:8080/api/transact/withdraw,665,BTC,1
http://localhost:8080/api/transact/withdraw,666,BTC,1
http://localhost:8080/api/transact/withdraw,667,BTC,1
http://localhost:8080/api/transact/withdraw,668,BTC,1
http://localhost:8080/api/transact/withdraw,669,BTC,1
http://localhost:8080/api/transact/withdraw,670,BTC,1
http://localhost:8080/api/transact/withdraw,671,BTC,1
http://localhost:8080/api/transact/withdraw,672,BTC,1
http://localhost:8080/api/transact/withdraw,673,BTC,1
http://localhost:8080/api/transact/withdraw,674,BTC,1
http://localhost:8080/api/transact/withdraw,675,BTC,1
http://localhost:8080/api/transact/withdraw,676,BTC,1
http://localhost:8080/api/transact/withdraw,677,BTC,1
http://localhost:8080/api/transact/withdraw,678,BTC,1
http://localhost:8080/api/transact/withdraw,679,BTC,1
http://localhost:8080/api/transact/withdraw,680,BTC,1
http://localhost:8080/api/transact/withdraw,681,BTC,1
http://localhost:8080/api/transact/withdraw,682,BTC,1
http://localhost:8080/api/transact/withdraw,683,BTC,1
http://localhost:8080/api/transact/withdraw,684,BTC,1
http://localhost:8080/api/transact/withdraw,685,BTC,1
http://localhost:8080/api/transact/withdraw,686,BTC,1
http://localhost:8080/api/transact/withdraw,687,BTC,1
http://localhost:8080/api/transact/withdraw,688,BTC,1
http://localhost:8080/api/transact/withdraw,689,BTC,1
http://localhost:8080/api/transact/withdraw,690,BTC,1
http://localhost:8080/api/transact/withdraw,691,BTC,1
http://localhost:8080/api/transact/withdraw,692,BTC,1
http://localhost:8080/api/transact/withdraw,693,BTC,1
http://localhost:8080/api/transact/withdraw,694,BTC,1
http://localhost:8080/api/transact/withdraw,695,BTC,1
http://localhost:8080/api/transact/withdraw,696,BTC,1
http://localhost:8080/api/transact/withdraw,697,BTC,1
http://localhost:8080/api/transact/withdraw,698,BTC,1
http://localhost:8080/api/transact/withdraw,699,BTC,1
http://localhost:8080/api/transact/withdraw,700,BTC,1
http://localhost:8080/api/transact/withdraw,701,BTC,1
http://localhost:8080/api/transact/withdraw,702,BTC,1
http://localhost:8080/api/transact/withdraw,703,BTC,1
http://localhost:8080/api/transact/withdraw,704,BTC,1
http://localhost:8080/api/transact/withdraw,705,BTC,1
http://localhost:8080/api/transact/withdraw,706,BTC,1
http://localhost:8080/api/transact/withdraw,707,BTC,1
http://localhost:8080/api/transact/withdraw,708,BTC,1
http://localhost:8080/api/transact/withdraw,709,BTC,1
http://localhost:8080/api/transact/withdraw,710,BTC,1
http://localhost:8080/api/transact/withdraw,711,BTC,1
http://localhost:8080/api/transact/withdraw,712,BTC,1
http://localhost:8080/api/transact/withdraw,713,BTC,1
http://localhost:8080/api/transact/withdraw,714,BTC,1
http://localhost:8080/api/transact/withdraw,715,BTC,1
http://localhost:8080/api/transact/withdraw,716,BTC,1
http://localhost:8080/api/transact/withdraw,717,BTC,1
http://localhost:8080/api/transact/withdraw,718,BTC,1
http://localhost:8080/api/transact/withdraw,719,BTC,1
http://localhost:8080/api/transact/withdraw,720,BTC,1
http://localhost:8080/api/transact/withdraw,721,BTC,1
http://localhost:8080/api/transact/withdraw,722,BTC,1
http://localhost:8080/api/transact/withdraw,723,BTC,1
http://localhost:8080/api/transact/withdraw,724,BTC,1
http://localhost:8080/api/transact/withdraw,725,BTC,1
http://localhost:8080/api/transact/withdraw,726,BTC,1
http://localhost:8080/api/transact/withdraw,727,BTC,1
http://localhost:8080/api/transact/withdraw,728,BTC,1
http://localhost:8080/api/transact/withdraw,729,BTC,1
http://localhost:8080/api/transact/withdraw,730,BTC,1
http://localhost:8080/api/transact/withdraw,731,BTC,1
http://localhost:8080/api/transact/withdraw,732,BTC,1
http://localhost:8080/api/transact/withdraw,733,BTC,1
http://localhost:8080/api/transact/withdraw,734,BTC,1
http://localhost:8080/api/transact/withdraw,735,BTC,1
http://localhost:8080/api/transact/withdraw,736,BTC,1
http://localhost:8080/api/transact/withdraw,737,BTC,1
http://localhost:8080/api/transact/withdraw,738,BTC,1
http://localhost:8080/api/transact/withdraw,739,BTC,1
http://localhost:8080/api/transact/withdraw,740,BTC,1
http://localhost:8080/api/transact/withdraw,741,BTC,1
http://localhost:8080/api/transact/withdraw,742,BTC,1
http://localhost:8080/api/transact/withdraw,743,BTC,1
http://localhost:8080/api/transact/withdraw,744,BTC,1
http://localhost:8080/api/transact/withdraw,745,BTC,1
http://localhost:8080/api/transact/withdraw,746,BTC,1
http://localhost:8080/api/transact/withdraw,747,BTC,1
http://localhost:8080/api/transact/withdraw,748,BTC,1
http://localhost:8080/api/transact/withdraw,749,BTC,1
http://localhost:8080/api/transact/withdraw,750,BTC,1
http://localhost:8080/api/transact/withdraw,751,BTC,1
http://localhost:8080/api/transact/withdraw,752,BTC,1
http://localhost:8080/api/transact/withdraw,753,BTC,1
http://localhost:8080/api/transact/withdraw,754,BTC,1
http://localhost:8080/api/transact/withdraw,755,BTC,1
http://localhost:8080/api/transact/withdraw,756,BTC,1
http://localhost:8080/api/transact/withdraw,757,BTC,1
http://localhost:8080/api/transact/withdraw,758,BTC,1
http://localhost:8080/api/transact/withdraw,759,BTC,1
http://localhost:8080/api/transact/withdraw,760,BTC,1
http://localhost:8080/api/transact/withdraw,761,BTC,1
http://localhost:8080/api/transact/withdraw,762,BTC,1
http://localhost:8080/api/transact/withdraw,763,BTC,1
http://localhost:8080/api/transact/withdraw,764,BTC,1
http://localhost:8080/api/transact/withdraw,765,BTC,1
http://localhost:8080/api/transact/withdraw,766,BTC,1
http://localhost:8080/api/transact/withdraw,767,BTC,1
http://localhost:8080/api/transact/withdraw,768,BTC,1
http://localhost:8080/api/transact/withdraw,769,BTC,1
http://localhost:8080/api/transact/withdraw,770,BTC,1
http://localhost:8080/api/transact/withdraw,771,BTC,1
http://localhost:8080/api/transact/withdraw,772,BTC,1
http://localhost:8080/api/transact/withdraw,773,BTC,1
http://localhost:8080/api/transact/withdraw,774,BTC,1
http://localhost:8080/api/transact/withdraw,775,BTC,1
http://localhost:8080/api/transact/withdraw,776,BTC,1
http://localhost:8080/api/transact/withdraw,777,BTC,1
http://localhost:8080/api/transact/withdraw,778,BTC,1
http://localhost:8080/api/transact/withdraw,779,BTC,1
http://localhost:8080/api/transact/withdraw,780,BTC,1
http://localhost:8080/api/transact/withdraw,781,BTC,1
http://localhost:8080/api/transact/withdraw,782,BTC,1
http://localhost:8080/api/transact/withdraw,783,BTC,1
http://localhost:8080/api/transact/withdraw,784,BTC,1
http://localhost:8080/api/transact/withdraw,785,BTC,1
http://localhost:8080/api/transact/withdraw,786,BTC,1
http://localhost:8080/api/transact/withdraw,787,BTC,1
http://localhost:8080/api/transact/withdraw,788,BTC,1
http://localhost:8080/api/transact/withdraw,789,BTC,1
http://localhost:8080/api/transact/withdraw,790,BTC,1
http://localhost:8080/api/transact/withdraw,791,BTC,1
http://localhost:8080/api/transact/withdraw,792,BTC,1
http://localhost:8080/api/transact/withdraw,793,BTC,1
http://localhost:8080/api/transact/withdraw,794,BTC,1
http://localhost:8080/api/transact/withdraw,795,BTC,1
http://localhost:8080/api/transact/withdraw,796,BTC,1
http://localhost:8080/api/transact/withdraw,797,BTC,1
http://localhost:8080/api/transact/withdraw,798,BTC,1
http://localhost:8080/api/transact/withdraw,799,BTC,1
http://localhost:8080/api/transact/withdraw,800,BTC,1
http://localhost:8080/api/transact/withdraw,801,BTC,1
http://localhost:8080/api/transact/withdraw,802,BTC,1
http://localhost:8080/api/transact/withdraw,803,BTC,1
http://localhost:8080/api/transact/withdraw,804,BTC,1
http://localhost:8080/api/transact/withdraw,805,BTC,1
http://localhost:8080/api/transact/withdraw,806,BTC,1
http://localhost:8080/api/transact/withdraw,807,BTC,1
http://localhost:8080/api/transact/withdraw,808,BTC,1
http://localhost:8080/api/transact/withdraw,809,BTC,1
http://localhost:8080/api/transact/withdraw,810,BTC,1
http://localhost:8080/api/transact/withdraw,811,BTC,1
http://localhost:8080/api/transact/withdraw,812,BTC,1
http://localhost:8080/api/transact/withdraw,813,BTC,1
http://localhost:8080/api/transact/withdraw,814,BTC,1
http://localhost:8080/api/transact/withdraw,815,BTC,1
http://localhost:8080/api/transact/withdraw,816,BTC,1
http://localhost:8080/api/transact/withdraw,817,BTC,1
http://localhost:8080/api/transact/withdraw,818,BTC,1
http://localhost:8080/api/transact/withdraw,819,BTC,1
http://localhost:8080/api/transact/withdraw,820,BTC,1
http://localhost:8080/api/transact/withdraw,821,BTC,1
http://localhost:8080/api/transact/withdraw,822,BTC,1
http://localhost:8080/api/transact/withdraw,823,BTC,1
http://localhost:8080/api/transact/withdraw,824,BTC,1
http://localhost:8080/api/transact/withdraw,825,BTC,1
http://localhost:8080/api/transact/withdraw,826,BTC,1
http://localhost:8080/api/transact/withdraw,827,BTC,1
http://localhost:8080/api/transact/withdraw,828,BTC,1
http://localhost:8080/api/transact/withdraw,829,BTC,1
http://localhost:8080/api/transact/withdraw,830,BTC,1
http://localhost:8080/api/transact/withdraw,831,BTC,1
http://localhost:8080/api/transact/withdraw,832,BTC,1
http://localhost:8080/api/transact/withdraw,833,BTC,1
http://localhost:8080/api/transact/withdraw,834,BTC,1
http://localhost:8080/api/transact/withdraw,835,BTC,1
http://localhost:8080/api/transact/withdraw,836,BTC,1
http://localhost:8080/api/transact/withdraw,837,BTC,1
http://localhost:8080/api/transact/withdraw,838,BTC,1
http://localhost:8080/api/transact/withdraw,839,BTC,1
http://localhost:8080/api/transact/withdraw,840,BTC,1
http://localhost:8080/api/transact/withdraw,841,BTC,1
http://localhost:8080/api/transact/withdraw,842,BTC,1
http://localhost:8080/api/transact/withdraw,843,BTC,1
http://localhost:8080/api/transact/withdraw,844,BTC,1
http://localhost:8080/api/transact/withdraw,845,BTC,1
http://localhost:8080/api/transact/withdraw,846,BTC,1
http://localhost:8080/api/transact/withdraw,847,BTC,1
http://localhost:8080/api/transact/withdraw,848,BTC,1
http://localhost:8080/api/transact/withdraw,849,BTC,1
http://localhost:8080/api/transact/withdraw,850,BTC,1
http://localhost:8080/api/transact/withdraw,851,BTC,1
http://localhost:8080/api/transact/withdraw,852,BTC,1
http://localhost:8080/api/transact/withdraw,853,BTC,1
http://localhost:8080/api/transact/withdraw,854,BTC,1
http://localhost:8080/api/transact/withdraw,855,BTC,1
http://localhost:8080/api/transact/withdraw,856,BTC,1
http://localhost:8080/api/transact/withdraw,857,BTC,1
http://localhost:8080/api/transact/withdraw,858,BTC,1
http://localhost:8080/api/transact/withdraw,859,BTC,1
http://localhost:8080/api/transact/withdraw,860,BTC,1
http://localhost:8080/api/transact/withdraw,861,BTC,1
http://localhost:8080/api/transact/withdraw,862,BTC,1
http://localhost:8080/api/transact/withdraw,863,BTC,1
http://localhost:8080/api/transact/withdraw,864,BTC,1
http://localhost:8080/api/transact/withdraw,865,BTC,1
http://localhost:8080/api/transact/withdraw,866,BTC,1
http://localhost:8080/api/transact/withdraw,867,BTC,1
http://localhost:8080/api/transact/withdraw,868,BTC,1
http://localhost:8080/api/transact/withdraw,869,BTC,1
http://localhost:8080/api/transact/withdraw,870,BTC,1
http://localhost:8080/api/transact/withdraw,871,BTC,1
http://localhost:8080/api/transact/withdraw,872,BTC,1
http://localhost:8080/api/transact/withdraw,873,BTC,1
http://localhost:8080/api/transact/withdraw,874,BTC,1
http://localhost:8080/api/transact/withdraw,875,BTC,1
http://localhost:8080/api/transact/withdraw,876,BTC,1
http://localhost:8080/api/transact/withdraw,877,BTC,1
http://localhost:8080/api/transact/withdraw,878,BTC,1
http://localhost:8080/api/transact/withdraw,879,BTC,1
http://localhost:8080/api/transact/withdraw,880,BTC,1
http://localhost:8080/api/transact/withdraw,881,BTC,1
http://localhost:8080/api/transact/withdraw,882,BTC,1
http://localhost:8080/api/transact/withdraw,883,BTC,1
http://localhost:8080/api/transact/withdraw,884,BTC,1
http://localhost:8080/api/transact/withdraw,885,BTC,1
http://localhost:8080/api/transact/withdraw,886,BTC,1
http://localhost:8080/api/transact/withdraw,887,BTC,1
http://localhost:8080/api/transact/withdraw,888,BTC,1
http://localhost:8080/api/transact/withdraw,889,BTC,1
http://localhost:8080/api/transact/withdraw,890,BTC,1
http://localhost:8080/api/transact/withdraw,891,BTC,1
http://localhost:8080/api/transact/withdraw,892,BTC,1
http://localhost:8080/api/transact/withdraw,893,BTC,1
http://localhost:8080/api/transact/withdraw,894,BTC,1
http://localhost:8080/api/transact/withdraw,895,BTC,1
http://localhost:8080/api/transact/withdraw,896,BTC,1
http://localhost:8080/api/transact/withdraw,897,BTC,1
http://localhost:8080/api/transact/withdraw,898,BTC,1
http://localhost:8080/api/transact/withdraw,899,BTC,1
http://localhost:8080/api/transact/withdraw,900,BTC,1
http://localhost:8080/api/transact/withdraw,901,BTC,1
http://localhost:8080/api/transact/withdraw,902,BTC,1
http://localhost:8080/api/transact/withdraw,903,BTC,1
http://localhost:8080/api/transact/withdraw,904,BTC,1
http://localhost:8080/api/transact/withdraw,905,BTC,1
http://localhost:8080/api/transact/withdraw,906,BTC,1
http://localhost:8080/api/transact/withdraw,907,BTC,1
http://localhost:8080/api/transact/withdraw,908,BTC,1
http://localhost:8080/api/transact/withdraw,909,BTC,1
http://localhost:8080/api/transact/withdraw,910,BTC,1
http://localhost:8080/api/transact/withdraw,911,BTC,1
http://localhost:8080/api/transact/withdraw,912,BTC,1
http://localhost:8080/api/transact/withdraw,913,BTC,1
http://localhost:8080/api/transact/withdraw,914,BTC,1
http://localhost:8080/api/transact/withdraw,915,BTC,1
http://localhost:8080/api/transact/withdraw,916,BTC,1
http://localhost:8080/api/transact/withdraw,917,BTC,1
http://localhost:8080/api/transact/withdraw,918,BTC,1
http://localhost:8080/api/transact/withdraw,919,BTC,1
http://localhost:8080/api/transact/withdraw,920,BTC,1
http://localhost:8080/api/transact/withdraw,921,BTC,1
http://localhost:8080/api/transact/withdraw,922,BTC,1
http://localhost:8080/api/transact/withdraw,923,BTC,1
http://localhost:8080/api/transact/withdraw,924,BTC,1
http://localhost:8080/api/transact/withdraw,925,BTC,1
http://localhost:8080/api/transact/withdraw,926,BTC,1
http://localhost:8080/api/transact/withdraw,927,BTC,1
http://localhost:8080/api/transact/withdraw,928,BTC,1
http://localhost:8080/api/transact/withdraw,929,BTC,1
http://localhost:8080/api/transact/withdraw,930,BTC,1
http://localhost:8080/api/transact/withdraw,931,BTC,1
http://localhost:8080/api/transact/withdraw,932,BTC,1
http://localhost:8080/api/transact/withdraw,933,BTC,1
http://localhost:8080/api/transact/withdraw,934,BTC,1
http://localhost:8080/api/transact/withdraw,935,BTC,1
http://localhost:8080/api/transact/withdraw,936,BTC,1
http://localhost:8080/api/transact/withdraw,937,BTC,1
http://localhost:8080/api/transact/withdraw,938,BTC,1
http://localhost:8080/api/transact/withdraw,939,BTC,1
http://localhost:8080/api/transact/withdraw,940,BTC,1
http://localhost:8080/api/transact/withdraw,941,BTC,1
http://localhost:8080/api/transact/withdraw,942,BTC,1
http://localhost:8080/api/transact/withdraw,943,BTC,1
http://localhost:8080/api/transact/withdraw,944,BTC,1
http://localhost:8080/api/transact/withdraw,945,BTC,1
http://localhost:8080/api/transact/withdraw,946,BTC,1
http://localhost:8080/api/transact/withdraw,947,BTC,1
http://localhost:8080/api/transact/withdraw,948,BTC,1
http://localhost:8080/api/transact/withdraw,949,BTC,1
http://localhost:8080/api/transact/withdraw,950,BTC,1
http://localhost:8080/api/transact/withdraw,951,BTC,1
http://localhost:8080/api/transact/withdraw,952,BTC,1
http://localhost:8080/api/transact/withdraw,953,BTC,1
http://localhost:8080/api/transact/withdraw,954,BTC,1
http://localhost:8080/api/transact/withdraw,955,BTC,1
